passenger_id,Pclass,Sex_female,Sex_male,Age,SibSp,Parch,Fare,Embarked_S,Embarked_Q
0,3,False,True,-0.5636740664747023,1,0,-0.5002397510893574,True,False
1,1,True,False,0.6692169576775449,1,0,0.788946607905507,False,False
2,3,True,False,-0.2554513104366405,0,0,-0.48664993466069395,True,False
3,1,True,False,0.4380498906489985,1,0,0.4228611129909654,True,False
4,3,False,True,0.4380498906489985,0,0,-0.4841333019887193,True,False
5,3,False,True,-0.10133993241760961,0,0,-0.47591297302898106,False,True
6,1,False,True,1.902107981829792,0,0,0.39794644953841574,True,False
7,3,False,True,-2.104787846665011,3,1,-0.22190017756895475,True,False
8,3,True,False,-0.17839562142712506,0,2,-0.4220570338487224,True,False
9,2,True,False,-1.1801195785508258,1,0,-0.040787184044554156,False,False
10,3,True,False,-1.9506764686459803,1,1,-0.3099823210880695,True,False
11,1,True,False,2.210330737867854,0,0,-0.11167166653646252,True,False
12,3,False,True,-0.7177854444937332,0,0,-0.4841333019887193,True,False
13,3,False,True,0.7462726466870603,1,5,-0.016542951535818605,True,False
14,3,True,False,-1.1801195785508258,0,0,-0.4880753554061005,True,False
15,2,True,False,1.9791636708393074,0,0,-0.32407546405112786,True,False
16,3,False,True,-2.104787846665011,4,1,-0.05982903349378355,False,True
17,2,False,True,-0.10133993241760961,0,0,-0.38447464817852084,True,False
18,3,True,False,0.12982713461093673,1,0,-0.28380934129953256,True,False
19,3,True,False,-0.10133993241760961,0,0,-0.5007430776237524,False,False
20,2,False,True,0.4380498906489985,0,0,-0.12274485029315124,True,False
21,2,False,True,0.36099420163948304,0,0,-0.38447464817852084,True,False
22,3,True,False,-1.1030638895413103,0,0,-0.48455206966533587,False,True
23,1,False,True,-0.10133993241760961,0,0,0.06851923277692655,True,False
24,3,True,False,-1.6424537126079184,3,1,-0.22190017756895475,True,False
25,3,True,False,0.6692169576775449,1,5,-0.014277982131041355,True,False
26,3,False,True,-0.10133993241760961,0,0,-0.5007430776237524,False,False
27,1,False,True,-0.7948411335032486,3,2,4.648790695770894,True,False
28,3,True,False,-0.10133993241760961,0,0,-0.4875720288717055,False,True
29,3,False,True,-0.10133993241760961,0,0,-0.48723782005286725,True,False
30,1,False,True,0.8233283356965757,0,0,-0.08809987827767862,False,False
31,1,True,False,-0.10133993241760961,1,0,2.3037078131670836,False,False
32,3,True,False,-0.10133993241760961,0,0,-0.49017322040145855,False,True
33,2,False,True,2.8267762499439777,0,0,-0.434807301618015,True,False
34,1,False,True,-0.10133993241760961,1,0,1.008145313634504,False,False
35,1,False,True,0.9774397137156066,1,0,0.40071474547758795,True,False
36,3,False,True,-0.10133993241760961,0,0,-0.500658518765974,False,False
37,3,False,True,-0.6407297554842177,0,0,-0.4841333019887193,True,False
38,3,True,False,-0.871896822512764,2,0,-0.28380934129953256,True,False
39,3,True,False,-1.1801195785508258,1,0,-0.41987460999558585,False,False
40,3,True,False,0.8233283356965757,1,0,-0.4554436895282076,True,False
41,2,True,False,-0.17839562142712506,1,0,-0.22341015717213955,True,False
42,3,False,True,-0.10133993241760961,0,0,-0.48723782005286725,False,False
43,2,True,False,-2.0277321576554956,1,2,0.1909121394926757,False,False
44,3,True,False,-0.7948411335032486,0,0,-0.4875720288717055,False,True
45,3,False,True,-0.10133993241760961,0,0,-0.4841333019887193,True,False
46,3,False,True,-0.10133993241760961,1,0,-0.33414199473902667,False,True
47,3,True,False,-0.10133993241760961,0,0,-0.49017322040145855,False,True
48,3,False,True,-0.10133993241760961,2,0,-0.20973578188569775,False,False
49,3,True,False,-0.871896822512764,1,0,-0.28783595357469205,True,False
50,3,False,True,-1.719509401617434,4,1,0.15282642728807924,True,False
51,3,False,True,-0.6407297554842177,0,0,-0.48916656733266867,True,False
52,1,True,False,1.5168295367822147,1,0,0.8985892468519636,False,False
53,2,True,False,-0.024284243408094167,1,0,-0.12274485029315124,True,False
54,1,False,True,2.749720560934462,0,1,0.6016265915589479,False,False
55,1,False,True,-0.10133993241760961,0,0,0.06851923277692655,True,False
56,2,True,False,-0.6407297554842177,0,0,-0.434807301618015,True,False
57,3,False,True,-0.0628120879128519,0,0,-0.500658518765974,False,False
58,2,True,False,-1.8736207796364648,1,2,-0.08751199288550533,True,False
59,3,False,True,-1.4112866455793722,5,2,0.29803613246101984,True,False
60,3,False,True,-0.5636740664747023,0,0,-0.500658518765974,False,False
62,1,False,True,1.208606780744153,1,0,1.0344028522808193,True,False
63,3,False,True,-1.9506764686459803,3,2,-0.08449203367913571,True,False
64,1,False,True,-0.10133993241760961,0,0,-0.08809987827767862,False,False
65,3,False,True,-0.10133993241760961,1,1,-0.33925981894075447,False,False
66,2,True,False,-0.024284243408094167,0,0,-0.434807301618015,True,False
67,3,False,True,-0.7948411335032486,0,0,-0.4819528914417204,True,False
68,3,True,False,-0.9489525115222794,4,2,-0.48664993466069395,True,False
69,3,False,True,-0.2554513104366405,2,0,-0.4718018018960432,True,False
70,2,False,True,0.20688282362045216,0,0,-0.434807301618015,True,False
71,3,True,False,-1.026008200531795,5,2,0.29803613246101984,True,False
72,2,False,True,-0.6407297554842177,0,0,0.8335755650572377,True,False
73,3,False,True,-0.2554513104366405,1,0,-0.3551971503258359,False,False
74,3,False,True,0.20688282362045216,0,0,0.4912289628108992,True,False
75,3,False,True,-0.3325069994461559,0,0,-0.4921865265390384,True,False
76,3,False,True,-0.10133993241760961,0,0,-0.48723782005286725,True,False
77,3,False,True,-0.10133993241760961,0,0,-0.4841333019887193,True,False
78,2,False,True,-2.1949430028061445,0,2,-0.06234566616575826,True,False
79,3,True,False,0.052771445601421274,0,0,-0.3950445054008146,True,False
80,3,False,True,-0.5636740664747023,0,0,-0.4650068936817115,True,False
81,3,False,True,-0.024284243408094167,0,0,-0.4549403629938127,True,False
82,3,True,False,-0.10133993241760961,0,0,-0.4894182305998661,False,True
83,1,False,True,-0.10133993241760961,0,0,0.30206274473617944,True,False
84,2,True,False,-0.9489525115222794,0,0,-0.434807301618015,True,False
85,3,True,False,0.2839385126299676,3,0,-0.32709542325749746,True,False
86,3,False,True,-1.026008200531795,1,3,0.045869538729154176,True,False
87,3,False,True,-0.10133993241760961,0,0,-0.4841333019887193,True,False
88,1,True,False,-0.4866183774651868,3,2,4.648790695770894,True,False
89,3,False,True,-0.4095626884556714,0,0,-0.4841333019887193,True,False
90,3,False,True,-0.024284243408094167,0,0,-0.4841333019887193,True,False
91,3,False,True,-0.7177854444937332,0,0,-0.4880753554061005,True,False
92,1,False,True,1.2856624697536683,1,0,0.5854355836005315,True,False
93,3,False,True,-0.2554513104366405,1,2,-0.2319667082568536,True,False
94,3,False,True,2.287386426877369,0,0,-0.5002397510893574,True,False
95,3,False,True,-0.10133993241760961,0,0,-0.4841333019887193,True,False
96,1,False,True,3.2120546949915547,0,0,0.05149068946527694,False,False
97,1,False,True,-0.4866183774651868,0,1,0.6293920965023105,False,False
98,2,True,False,0.36099420163948304,0,1,-0.18314403442054422,True,False
99,2,False,True,0.36099420163948304,1,0,-0.12274485029315124,True,False
100,3,True,False,-0.10133993241760961,0,0,-0.48723782005286725,True,False
101,3,False,True,-0.10133993241760961,0,0,-0.48723782005286725,True,False
102,1,False,True,-0.6407297554842177,0,1,0.9098295350180712,True,False
103,3,False,True,0.2839385126299676,0,0,-0.47196890630546234,True,False
104,3,False,True,0.5921612686680294,2,0,-0.48664993466069395,True,False
105,3,False,True,-0.10133993241760961,0,0,-0.48723782005286725,True,False
106,3,True,False,-0.6407297554842177,0,0,-0.4921865265390384,True,False
107,3,False,True,-0.10133993241760961,0,0,-0.48966989386706367,True,False
108,3,False,True,0.6692169576775449,0,0,-0.48723782005286725,True,False
109,3,True,False,-0.10133993241760961,1,0,-0.15999101383837694,False,True
110,1,False,True,1.3627181587631838,0,0,0.40071474547758795,True,False
111,3,True,False,-1.1415917340460682,1,0,-0.3551971503258359,False,False
112,3,False,True,-0.5636740664747023,0,0,-0.4841333019887193,True,False
113,3,True,False,-0.7177854444937332,1,0,-0.4483971180466784,True,False
114,3,True,False,-0.9489525115222794,0,0,-0.3551146047741951,False,False
115,3,False,True,-0.6407297554842177,0,0,-0.48664993466069395,True,False
116,3,False,True,3.173526850486797,0,0,-0.49017322040145855,False,True
117,2,False,True,-0.024284243408094167,1,0,-0.22341015717213955,True,False
118,1,False,True,-0.4095626884556714,0,1,4.337147012122648,False,False
119,3,True,False,-2.104787846665011,4,2,-0.016542951535818605,True,False
120,2,False,True,-0.6407297554842177,2,0,0.8335755650572377,True,False
121,3,False,True,-0.10133993241760961,0,0,-0.4841333019887193,True,False
122,2,False,True,0.2454106681252099,1,0,-0.040787184044554156,False,False
123,2,True,False,0.2454106681252099,0,0,-0.38447464817852084,True,False
124,1,False,True,1.902107981829792,0,1,0.9098295350180712,True,False
125,3,False,True,-1.3342309565698567,1,0,-0.41987460999558585,False,False
126,3,False,True,-0.10133993241760961,0,0,-0.49017322040145855,False,True
127,3,False,True,-0.4095626884556714,0,0,-0.5024201616363563,True,False
128,3,True,False,-0.10133993241760961,1,1,-0.19606341990539358,False,False
129,3,False,True,1.208606780744153,0,0,-0.5057763429677017,True,False
130,3,False,True,0.2839385126299676,0,0,-0.48723782005286725,False,False
131,3,False,True,-0.7177854444937332,0,0,-0.5042663633645169,True,False
132,3,True,False,1.3627181587631838,1,0,-0.35427505611482435,True,False
133,2,True,False,-0.024284243408094167,1,0,-0.12274485029315124,True,False
134,2,False,True,-0.3325069994461559,0,0,-0.38447464817852084,True,False
135,2,False,True,-0.4866183774651868,0,0,-0.343286431215914,False,False
136,1,True,False,-0.7948411335032486,0,2,-0.11704115400538775,True,False
137,1,False,True,0.5921612686680294,1,0,0.4228611129909654,True,False
138,3,False,True,-1.026008200531795,0,0,-0.46064405928157615,True,False
139,1,False,True,-0.4095626884556714,0,0,0.9483340148992845,False,False
140,3,True,False,-0.10133993241760961,0,2,-0.33925981894075447,False,False
141,3,True,False,-0.5636740664747023,0,0,-0.49017322040145855,True,False
142,3,True,False,-0.4095626884556714,1,0,-0.32709542325749746,True,False
143,3,False,True,-0.7948411335032486,0,0,-0.5103062817772562,False,True
144,2,False,True,-0.871896822512764,0,0,-0.41467424024221733,True,False
145,2,False,True,-0.7948411335032486,1,1,0.09368555949667362,True,False
146,3,False,True,-0.17839562142712506,0,0,-0.489251126190447,True,False
147,3,True,False,-1.565398023598403,2,2,0.045869538729154176,True,False
148,2,False,True,0.5536334241632717,0,2,-0.12274485029315124,True,False
149,2,False,True,0.9774397137156066,0,0,-0.38447464817852084,True,False
150,2,False,True,1.6709409148012455,0,0,-0.39403785233202476,True,False
151,1,True,False,-0.5636740664747023,1,0,0.6946574415642337,True,False
152,3,False,True,2.017691515344065,0,0,-0.4841333019887193,True,False
153,3,False,True,0.8618561802013335,0,2,-0.35427505611482435,True,False
154,3,False,True,-0.10133993241760961,0,0,-0.49898143475337003,True,False
155,1,False,True,1.6709409148012455,0,1,0.5895467547334693,False,False
156,3,True,False,-1.026008200531795,0,0,-0.4905094425264344,False,True
157,3,False,True,0.052771445601421274,0,0,-0.4841333019887193,True,False
158,3,False,True,-0.10133993241760961,0,0,-0.4718018018960432,True,False
159,3,False,True,-0.10133993241760961,8,2,0.7540499726228369,True,False
160,3,False,True,1.1315510917346374,0,1,-0.3220621579135481,True,False
161,2,True,False,0.8233283356965757,0,0,-0.3291087293950773,True,False
162,3,False,True,-0.2554513104366405,0,0,-0.48966989386706367,True,False
163,3,False,True,-0.9489525115222794,0,0,-0.4718018018960432,True,False
164,3,False,True,-2.1818435356745267,4,1,0.15282642728807924,True,False
165,3,False,True,-1.565398023598403,0,2,-0.23297336132564347,True,False
166,1,True,False,-0.10133993241760961,0,1,0.46111392960498093,True,False
167,3,True,False,1.208606780744153,1,4,-0.08449203367913571,True,False
168,1,False,True,-0.10133993241760961,0,0,-0.12425482989633606,True,False
169,3,False,True,-0.10133993241760961,0,0,0.4912289628108992,True,False
170,1,False,True,2.4414978048964002,0,0,0.02825311002533122,True,False
171,3,False,True,-1.9506764686459803,4,1,-0.05982903349378355,False,True
172,3,True,False,-2.1818435356745267,1,1,-0.4220570338487224,True,False
173,3,False,True,-0.6407297554842177,0,0,-0.48664993466069395,True,False
174,1,False,True,2.0562193598488228,0,0,-0.028204020684680614,False,False
175,3,False,True,-0.871896822512764,1,1,-0.4880753554061005,True,False
176,3,False,True,-0.10133993241760961,3,1,-0.13348181192486414,True,False
177,1,True,False,1.5938852257917302,0,0,-0.06813392131130011,False,False
178,2,False,True,0.052771445601421274,0,0,-0.38447464817852084,True,False
179,3,False,True,0.5151055796585139,0,0,-0.6462044460638905,True,False
180,3,True,False,-0.10133993241760961,8,2,0.7540499726228369,True,False
181,2,False,True,-0.10133993241760961,0,0,-0.34320187235813565,False,False
182,3,False,True,-1.565398023598403,4,2,-0.014277982131041355,True,False
183,2,False,True,-2.1818435356745267,2,1,0.13898494759221836,True,False
184,3,True,False,-1.9506764686459803,0,2,-0.20277376926194698,True,False
185,1,False,True,-0.10133993241760961,0,0,0.36044862272599265,True,False
186,3,True,False,-0.10133993241760961,1,0,-0.33414199473902667,False,True
187,1,False,True,1.208606780744153,0,0,-0.11167166653646252,True,False
188,3,False,True,0.8233283356965757,1,1,-0.33414199473902667,False,True
189,3,False,True,0.5151055796585139,0,0,-0.48723782005286725,True,False
190,2,True,False,0.20688282362045216,0,0,-0.38447464817852084,True,False
191,2,False,True,-0.7948411335032486,0,0,-0.38447464817852084,True,False
192,3,True,False,-0.7948411335032486,1,0,-0.4880753554061005,True,False
193,2,False,True,-2.0277321576554956,1,1,-0.12274485029315124,True,False
194,1,True,False,1.1315510917346374,0,0,-0.08809987827767862,False,False
195,1,True,False,2.210330737867854,0,0,2.3037078131670836,False,False
196,3,False,True,-0.10133993241760961,0,0,-0.49017322040145855,False,True
197,3,False,True,0.9774397137156066,0,1,-0.4770021716494118,True,False
198,3,True,False,-0.10133993241760961,0,0,-0.49017322040145855,False,True
199,2,True,False,-0.4095626884556714,0,0,-0.38447464817852084,True,False
200,3,False,True,-0.10133993241760961,0,0,-0.4549403629938127,True,False
201,3,False,True,-0.10133993241760961,8,2,0.7540499726228369,True,False
202,3,False,True,0.36099420163948304,0,0,-0.515424105978984,True,False
203,3,False,True,1.2471346252489106,0,0,-0.5007430776237524,False,False
204,3,False,True,-0.871896822512764,0,0,-0.4841333019887193,True,False
205,3,True,False,-2.104787846665011,0,1,-0.43556229141960745,True,False
206,3,False,True,0.20688282362045216,1,0,-0.32709542325749746,True,False
207,3,False,True,-0.2554513104366405,0,0,-0.26795455546609187,False,False
208,3,True,False,-1.026008200531795,0,0,-0.49017322040145855,False,True
209,1,False,True,0.8233283356965757,0,0,-0.022079543414162937,False,False
210,3,False,True,-0.4095626884556714,0,0,-0.5042663633645169,True,False
211,2,True,False,0.4380498906489985,0,0,-0.22341015717213955,True,False
212,3,False,True,-0.5636740664747023,0,0,-0.5002397510893574,True,False
213,2,False,True,0.052771445601421274,0,0,-0.38447464817852084,True,False
214,3,False,True,-0.10133993241760961,1,0,-0.49017322040145855,False,True
215,1,True,False,0.12982713461093673,1,0,1.6343680812795898,False,False
216,3,True,False,-0.17839562142712506,0,0,-0.48664993466069395,True,False
217,2,False,True,0.9774397137156066,1,0,-0.10261178891735358,True,False
218,1,True,False,0.20688282362045216,0,0,0.8897810325000521,False,False
219,2,False,True,0.052771445601421274,0,0,-0.434807301618015,True,False
220,3,False,True,-1.026008200531795,0,0,-0.4841333019887193,True,False
221,2,False,True,-0.17839562142712506,0,0,-0.38447464817852084,True,False
222,3,False,True,1.6709409148012455,0,0,-0.4841333019887193,True,False
223,3,False,True,-0.10133993241760961,0,0,-0.48723782005286725,True,False
224,1,False,True,0.6692169576775449,1,0,1.1657710777578991,True,False
225,3,False,True,-0.5636740664747023,0,0,-0.4579603222001823,True,False
226,2,False,True,-0.7948411335032486,0,0,-0.434807301618015,True,False
227,3,False,True,-0.6792575999889754,0,0,-0.5002397510893574,True,False
228,2,False,True,-0.871896822512764,0,0,-0.38447464817852084,True,False
229,3,True,False,-0.10133993241760961,3,1,-0.13348181192486414,True,False
230,1,True,False,0.4380498906489985,1,0,1.0344028522808193,True,False
231,3,False,True,-0.024284243408094167,0,0,-0.48966989386706367,True,False
232,2,False,True,2.287386426877369,0,0,-0.374408117490622,True,False
233,3,True,False,-1.8736207796364648,4,2,-0.014277982131041355,True,False
234,2,False,True,-0.4095626884556714,0,0,-0.434807301618015,True,False
235,3,True,False,-0.10133993241760961,0,0,-0.4941998326766181,True,False
236,2,False,True,1.1315510917346374,1,0,-0.12274485029315124,True,False
237,2,True,False,-1.6424537126079184,0,2,-0.11771158494920184,True,False
238,2,False,True,-0.7948411335032486,0,0,-0.434807301618015,True,False
239,2,False,True,0.2839385126299676,0,0,-0.3990711176759742,True,False
240,3,True,False,-0.10133993241760961,1,0,-0.3551971503258359,False,False
241,3,True,False,-0.10133993241760961,1,0,-0.33414199473902667,False,True
242,2,False,True,-0.024284243408094167,0,0,-0.434807301618015,True,False
243,3,False,True,-0.5636740664747023,0,0,-0.5027563837613321,True,False
244,3,False,True,0.052771445601421274,0,0,-0.5007430776237524,False,False
245,1,False,True,1.1315510917346374,2,0,1.1657710777578991,False,True
246,3,True,False,-0.3325069994461559,0,0,-0.48966989386706367,True,False
247,2,True,False,-0.4095626884556714,0,2,-0.35427505611482435,True,False
248,1,False,True,0.5921612686680294,1,1,0.41187248809205507,True,False
249,2,False,True,1.902107981829792,1,0,-0.12274485029315124,True,False
250,3,False,True,-0.10133993241760961,0,0,-0.5002397510893574,True,False
251,3,True,False,-0.024284243408094167,1,1,-0.43556229141960745,True,False
252,1,False,True,2.5185534939059155,0,0,-0.11167166653646252,True,False
253,3,False,True,0.052771445601421274,1,0,-0.3220621579135481,True,False
254,3,True,False,0.9003840247060911,0,2,-0.23926494300558024,True,False
255,3,True,False,-0.024284243408094167,0,2,-0.33925981894075447,False,False
256,1,True,False,-0.10133993241760961,0,0,0.9483340148992845,False,False
257,1,True,False,0.052771445601421274,0,0,1.0953053629426073,True,False
258,1,True,False,0.4380498906489985,0,0,9.668550782149426,False,False
259,2,True,False,1.5938852257917302,0,1,-0.12274485029315124,True,False
260,3,False,True,-0.10133993241760961,0,0,-0.49017322040145855,False,True
261,3,False,True,-2.0277321576554956,4,2,-0.014277982131041355,True,False
262,1,False,True,1.747996603810761,1,1,0.9573938925183935,True,False
263,1,False,True,0.8233283356965757,0,0,-0.6462044460638905,True,False
264,3,True,False,-0.10133993241760961,0,0,-0.49017322040145855,False,True
265,2,False,True,0.5151055796585139,0,0,-0.434807301618015,True,False
266,3,False,True,-1.026008200531795,4,1,0.15282642728807924,True,False
267,3,False,True,-0.3325069994461559,1,0,-0.48966989386706367,True,False
268,1,True,False,2.210330737867854,0,1,2.443465485319458,True,False
269,1,True,False,0.4380498906489985,0,0,2.084509107438086,True,False
270,1,False,True,-0.10133993241760961,0,0,-0.022079543414162937,True,False
271,3,False,True,-0.3325069994461559,0,0,-0.6462044460638905,True,False
272,2,True,False,0.9003840247060911,0,1,-0.25360974923583607,True,False
273,1,False,True,0.5921612686680294,0,1,-0.04825252320269991,False,False
274,3,True,False,-0.10133993241760961,0,0,-0.49017322040145855,False,True
275,1,True,False,2.5956091829154313,1,0,0.9233347925889563,True,False
276,3,True,False,1.208606780744153,0,0,-0.49017322040145855,True,False
277,2,False,True,-0.10133993241760961,0,0,-0.6462044460638905,True,False
278,3,False,True,-1.719509401617434,4,1,-0.05982903349378355,False,True
279,3,True,False,0.4380498906489985,1,1,-0.2385099532039878,True,False
280,3,False,True,2.749720560934462,0,0,-0.49017322040145855,False,True
281,3,False,True,-0.10133993241760961,0,0,-0.4880753554061005,True,False
282,3,False,True,-1.026008200531795,0,0,-0.4549403629938127,True,False
283,3,False,True,-0.7948411335032486,0,0,-0.4841333019887193,True,False
284,1,False,True,-0.10133993241760961,0,0,-0.12274485029315124,True,False
285,3,False,True,0.2839385126299676,0,0,-0.4718018018960432,False,False
286,3,False,True,0.052771445601421274,0,0,-0.4549403629938127,True,False
287,3,False,True,-0.5636740664747023,0,0,-0.48723782005286725,True,False
288,2,False,True,0.9774397137156066,0,0,-0.38447464817852084,True,False
289,3,True,False,-0.5636740664747023,0,0,-0.49017322040145855,False,True
290,1,True,False,-0.2554513104366405,0,0,0.941287443417755,True,False
291,1,True,False,-0.7948411335032486,1,0,1.1874986775946599,False,False
292,2,False,True,0.5151055796585139,0,0,-0.38699128085049556,False,False
293,3,True,False,-0.4095626884556714,0,0,-0.4680268528880811,True,False
294,3,False,True,-0.4095626884556714,0,0,-0.48723782005286725,True,False
295,1,False,True,-0.10133993241760961,0,0,-0.08809987827767862,False,False
296,3,False,True,-0.4480905329604291,0,0,-0.500658518765974,False,False
297,1,True,False,-2.104787846665011,1,2,2.404961005438245,True,False
298,1,False,True,-0.10133993241760961,0,0,-0.032146074102061765,True,False
299,1,True,False,1.5938852257917302,0,1,4.337147012122648,False,False
300,3,True,False,-0.10133993241760961,0,0,-0.49017322040145855,False,True
301,3,False,True,-0.10133993241760961,2,0,-0.17811076907659482,False,True
302,3,False,True,-0.7948411335032486,0,0,-0.6462044460638905,True,False
303,2,True,False,-0.10133993241760961,0,0,-0.3975611380727893,False,True
304,3,False,True,-0.10133993241760961,0,0,-0.4841333019887193,True,False
305,1,False,True,-2.188007990795288,1,2,2.404961005438245,True,False
306,1,True,False,-0.10133993241760961,0,0,1.5862158383870948,False,False
307,1,True,False,-0.9489525115222794,1,0,1.546285937760475,False,False
308,2,False,True,0.052771445601421274,1,0,-0.16301097304474657,False,False
309,1,True,False,0.052771445601421274,0,0,0.4999546316111698,False,False
310,1,True,False,-0.4095626884556714,0,0,1.0280267117431041,False,False
311,1,True,False,-0.871896822512764,2,2,4.636207532411021,False,False
312,2,True,False,-0.2554513104366405,1,1,-0.12274485029315124,True,False
313,3,False,True,-0.10133993241760961,0,0,-0.48723782005286725,True,False
314,2,False,True,1.054495402725122,1,1,-0.11771158494920184,True,False
315,3,True,False,-0.2554513104366405,0,0,-0.4880753554061005,True,False
316,2,True,False,-0.4095626884556714,1,0,-0.12274485029315124,True,False
317,2,False,True,1.902107981829792,0,0,-0.36434158680272316,True,False
318,1,True,False,0.12982713461093673,0,2,2.67306694386133,True,False
319,1,True,False,0.8233283356965757,1,1,2.061692308980895,False,False
320,3,False,True,-0.5636740664747023,0,0,-0.5002397510893574,True,False
321,3,False,True,-0.17839562142712506,0,0,-0.48723782005286725,True,False
322,2,True,False,0.052771445601421274,0,0,-0.3975611380727893,False,True
323,2,True,False,-0.5636740664747023,1,1,-0.06234566616575826,True,False
324,3,False,True,-0.10133993241760961,8,2,0.7540499726228369,True,False
325,1,True,False,0.5151055796585139,0,0,2.084509107438086,False,False
326,3,False,True,2.4414978048964002,0,0,-0.5206244757323525,True,False
327,2,True,False,0.5151055796585139,0,0,-0.38447464817852084,True,False
328,3,True,False,0.12982713461093673,1,1,-0.23297336132564347,True,False
329,1,True,False,-1.026008200531795,0,1,0.5210943460557573,False,False
330,3,True,False,-0.10133993241760961,2,0,-0.17811076907659482,False,True
331,1,False,True,1.2471346252489106,0,0,-0.07241219685365709,True,False
332,1,False,True,0.6692169576775449,0,1,2.443465485319458,True,False
333,3,False,True,-1.026008200531795,2,0,-0.28380934129953256,True,False
334,1,True,False,-0.10133993241760961,1,0,2.044579206811467,True,False
335,3,False,True,-0.10133993241760961,0,0,-0.48723782005286725,True,False
336,1,False,True,-0.024284243408094167,1,0,0.6946574415642337,True,False
337,1,True,False,0.9003840247060911,0,0,2.061692308980895,False,False
338,3,False,True,1.208606780744153,0,0,-0.4841333019887193,True,False
339,1,False,True,1.208606780744153,0,0,0.06851923277692655,True,False
340,2,False,True,-2.104787846665011,1,1,-0.12274485029315124,True,False
341,1,True,False,-0.4095626884556714,3,2,4.648790695770894,True,False
342,2,False,True,-0.10133993241760961,0,0,-0.38447464817852084,True,False
343,2,False,True,-0.3325069994461559,0,0,-0.38447464817852084,True,False
344,2,False,True,0.5151055796585139,0,0,-0.38447464817852084,True,False
345,2,True,False,-0.4095626884556714,0,0,-0.38447464817852084,True,False
346,2,True,False,0.8233283356965757,0,0,-0.38447464817852084,True,False
347,3,True,False,-0.10133993241760961,1,0,-0.3220621579135481,True,False
348,3,False,True,-2.0277321576554956,1,1,-0.32608877018870763,True,False
349,3,False,True,0.9774397137156066,0,0,-0.4718018018960432,True,False
350,3,False,True,-0.4866183774651868,0,0,-0.460476954872157,True,False
351,1,False,True,-0.10133993241760961,0,0,0.05845270208902771,True,False
352,3,False,True,-1.1030638895413103,1,1,-0.500658518765974,False,False
353,3,False,True,-0.3325069994461559,1,0,-0.28783595357469205,True,False
354,3,False,True,-0.10133993241760961,0,0,-0.5007430776237524,False,False
355,3,False,True,-0.10133993241760961,0,0,-0.4549403629938127,True,False
356,1,True,False,-0.5636740664747023,0,1,0.46111392960498093,True,False
357,2,True,False,0.6692169576775449,0,0,-0.38447464817852084,True,False
358,3,True,False,-0.10133993241760961,0,0,-0.4875720288717055,False,True
359,3,True,False,-0.10133993241760961,0,0,-0.4875720288717055,False,True
360,3,False,True,0.8233283356965757,1,4,-0.08449203367913571,True,False
361,2,False,True,-0.024284243408094167,1,0,-0.08809987827767862,False,False
362,3,True,False,1.208606780744153,0,1,-0.3551971503258359,False,False
363,3,False,True,0.4380498906489985,0,0,-0.5042663633645169,True,False
364,3,False,True,-0.10133993241760961,1,0,-0.33414199473902667,False,True
365,3,False,True,0.052771445601421274,0,0,-0.5002397510893574,True,False
366,1,True,False,2.3644421158868845,1,0,0.8688084224648837,False,False
367,3,True,False,-0.10133993241760961,0,0,-0.500658518765974,False,False
368,3,True,False,-0.10133993241760961,0,0,-0.49017322040145855,False,True
369,1,True,False,-0.4095626884556714,0,0,0.7490167072788875,False,False
370,1,False,True,-0.3325069994461559,1,0,0.4700067028146707,False,False
371,3,False,True,-0.871896822512764,1,0,-0.515424105978984,True,False
372,3,False,True,-0.7948411335032486,0,0,-0.4841333019887193,True,False
373,1,False,True,-0.5636740664747023,0,0,2.084509107438086,False,False
374,3,True,False,-2.0277321576554956,3,1,-0.22190017756895475,True,False
375,1,True,False,-0.10133993241760961,1,0,1.008145313634504,False,False
376,3,True,False,-0.5636740664747023,0,0,-0.5002397510893574,True,False
377,1,False,True,-0.17839562142712506,0,2,3.6119380349173147,False,False
378,3,False,True,-0.7177854444937332,0,0,-0.5654205372935024,False,False
379,3,False,True,-0.7948411335032486,0,0,-0.48966989386706367,True,False
380,1,True,False,0.9774397137156066,0,0,3.9345703434644728,False,False
381,3,True,False,-2.1818435356745267,0,2,-0.3292758338044964,False,False
382,3,False,True,0.20688282362045216,0,0,-0.48664993466069395,True,False
383,1,True,False,0.4380498906489985,1,0,0.40071474547758795,True,False
384,3,False,True,-0.10133993241760961,0,0,-0.48723782005286725,True,False
385,2,False,True,-0.871896822512764,0,0,0.8335755650572377,True,False
386,3,False,True,-2.1818435356745267,5,2,0.29803613246101984,True,False
387,2,True,False,0.5151055796585139,0,0,-0.38447464817852084,True,False
388,3,False,True,-0.10133993241760961,0,0,-0.4905919880780752,False,True
389,2,True,False,-0.9489525115222794,0,0,-0.4046077095543185,False,False
390,1,False,True,0.5151055796585139,1,2,1.769762919031829,True,False
391,3,False,True,-0.6407297554842177,0,0,-0.489251126190447,True,False
392,3,False,True,-0.10133993241760961,2,0,-0.48664993466069395,True,False
393,1,True,False,-0.4866183774651868,1,0,1.6343680812795898,False,False
394,3,True,False,-0.4095626884556714,0,2,-0.3099823210880695,True,False
395,3,False,True,-0.5636740664747023,0,0,-0.489251126190447,True,False
396,3,True,False,0.12982713461093673,0,0,-0.4880753554061005,True,False
397,2,False,True,1.2856624697536683,0,0,-0.12274485029315124,True,False
398,2,False,True,-0.4866183774651868,0,0,-0.434807301618015,True,False
399,2,True,False,-0.10133993241760961,0,0,-0.39152121966005005,True,False
400,3,False,True,0.7462726466870603,0,0,-0.48664993466069395,True,False
401,3,False,True,-0.2554513104366405,0,0,-0.4841333019887193,True,False
402,3,True,False,-0.6407297554842177,1,0,-0.4483971180466784,True,False
403,3,False,True,-0.10133993241760961,1,0,-0.32709542325749746,True,False
404,3,True,False,-0.7177854444937332,0,0,-0.4718018018960432,True,False
405,2,False,True,0.36099420163948304,1,0,-0.22341015717213955,True,False
406,3,False,True,1.6709409148012455,0,0,-0.49017322040145855,True,False
407,2,False,True,-2.0277321576554956,1,1,-0.2687095452676843,True,False
408,3,False,True,-0.6407297554842177,0,0,-0.48966989386706367,True,False
409,3,True,False,-0.10133993241760961,3,1,-0.13348181192486414,True,False
410,3,False,True,-0.10133993241760961,0,0,-0.48723782005286725,True,False
411,3,False,True,-0.10133993241760961,0,0,-0.5081258712302573,False,True
412,1,True,False,0.2839385126299676,1,0,1.1657710777578991,False,True
413,2,False,True,-0.10133993241760961,0,0,-0.6462044460638905,True,False
414,3,False,True,1.1315510917346374,0,0,-0.48664993466069395,True,False
415,3,True,False,-0.10133993241760961,0,0,-0.4841333019887193,True,False
416,2,True,False,0.36099420163948304,1,1,0.008120048649533558,True,False
417,2,True,False,-0.871896822512764,0,2,-0.38447464817852084,True,False
418,2,False,True,0.052771445601421274,0,0,-0.38447464817852084,True,False
419,3,True,False,-1.4883423345888875,0,2,-0.15999101383837694,True,False
420,3,False,True,-0.10133993241760961,0,0,-0.48723782005286725,False,False
421,3,False,True,-0.6407297554842177,0,0,-0.4905094425264344,False,True
422,3,False,True,-0.024284243408094167,0,0,-0.4876565877294839,True,False
423,3,True,False,-0.10133993241760961,1,1,-0.3562883622524042,True,False
424,3,False,True,-0.871896822512764,1,1,-0.23926494300558024,True,False
425,3,False,True,-0.10133993241760961,0,0,-0.5002397510893574,True,False
426,2,True,False,-0.10133993241760961,1,0,-0.12274485029315124,True,False
427,2,True,False,-0.7948411335032486,0,0,-0.12274485029315124,True,False
428,3,False,True,-0.10133993241760961,0,0,-0.49017322040145855,False,True
429,3,False,True,0.20688282362045216,0,0,-0.4841333019887193,True,False
430,1,False,True,-0.10133993241760961,0,0,-0.11167166653646252,True,False
431,3,True,False,-0.10133993241760961,1,0,-0.3220621579135481,True,False
432,2,True,False,0.9774397137156066,1,0,-0.12274485029315124,True,False
433,3,False,True,-0.9489525115222794,0,0,-0.5027563837613321,True,False
434,1,False,True,1.5938852257917302,1,0,0.47923368484319884,True,False
435,1,True,False,-1.1801195785508258,1,2,1.769762919031829,True,False
436,3,True,False,-0.6407297554842177,2,2,0.045869538729154176,True,False
437,2,True,False,-0.4095626884556714,2,3,-0.2687095452676843,True,False
438,1,False,True,2.6726648719249466,1,4,4.648790695770894,True,False
439,2,False,True,0.12982713461093673,0,0,-0.434807301618015,True,False
440,2,True,False,1.208606780744153,1,1,-0.11771158494920184,True,False
441,3,False,True,-0.7177854444937332,0,0,-0.4549403629938127,True,False
442,3,False,True,-0.3325069994461559,1,0,-0.48966989386706367,True,False
443,2,True,False,-0.10133993241760961,0,0,-0.38447464817852084,True,False
444,3,False,True,-0.10133993241760961,0,0,-0.4828749856527319,True,False
445,1,False,True,-1.9506764686459803,0,2,1.0018537319545673,True,False
446,2,True,False,-1.2571752675603414,0,1,-0.25360974923583607,True,False
447,1,False,True,0.36099420163948304,0,0,-0.11167166653646252,True,False
448,3,True,False,-1.8736207796364648,2,1,-0.25847591017036636,False,False
449,1,False,True,1.747996603810761,0,0,-0.032146074102061765,True,False
450,2,False,True,0.5151055796585139,1,2,-0.08751199288550533,True,False
451,3,False,True,-0.10133993241760961,1,0,-0.24421364949175128,True,False
452,1,False,True,0.052771445601421274,0,0,-0.08751199288550533,False,False
453,1,False,True,1.5168295367822147,1,0,1.1477358813774596,False,False
454,3,False,True,-0.10133993241760961,0,0,-0.4841333019887193,True,False
455,3,False,True,-0.024284243408094167,0,0,-0.48723782005286725,False,False
456,1,False,True,2.749720560934462,0,0,-0.11167166653646252,True,False
457,1,True,False,-0.10133993241760961,1,0,0.39794644953841574,True,False
458,2,True,False,1.5938852257917302,0,0,-0.434807301618015,True,False
459,3,False,True,-0.10133993241760961,0,0,-0.49017322040145855,False,True
460,1,False,True,1.4397738477726993,0,0,-0.11167166653646252,True,False
461,3,False,True,0.36099420163948304,0,0,-0.4841333019887193,True,False
462,1,False,True,1.3627181587631838,0,0,0.12891841690431952,True,False
463,2,False,True,1.4397738477726993,0,0,-0.38447464817852084,True,False
464,3,False,True,-0.10133993241760961,0,0,-0.4841333019887193,True,False
465,3,False,True,0.6692169576775449,0,0,-0.5042663633645169,True,False
466,2,False,True,-0.10133993241760961,0,0,-0.6462044460638905,True,False
467,1,False,True,2.0562193598488228,0,0,-0.11167166653646252,True,False
468,3,False,True,-0.10133993241760961,0,0,-0.4906765469358535,False,True
469,3,True,False,-2.2011074579269057,2,1,-0.25847591017036636,False,False
470,3,False,True,-0.10133993241760961,0,0,-0.5002397510893574,True,False
471,3,False,True,0.6692169576775449,0,0,-0.4718018018960432,True,False
472,2,True,False,0.2839385126299676,1,2,-0.08751199288550533,True,False
473,2,True,False,-0.4866183774651868,0,0,-0.36853530348730185,False,False
474,3,True,False,-0.5636740664747023,0,0,-0.448145454779481,True,False
475,1,False,True,-0.10133993241760961,0,0,0.40071474547758795,True,False
476,2,False,True,0.36099420163948304,1,0,-0.22341015717213955,True,False
477,3,False,True,-0.024284243408094167,1,0,-0.5043509222222953,True,False
478,3,False,True,-0.5636740664747023,0,0,-0.49478771806879135,True,False
479,3,True,False,-2.104787846665011,0,1,-0.39881945440877664,True,False
480,3,False,True,-1.565398023598403,5,2,0.29803613246101984,True,False
481,2,False,True,-0.10133993241760961,0,0,-0.6462044460638905,True,False
482,3,False,True,1.5938852257917302,0,0,-0.4841333019887193,True,False
483,3,True,False,2.5956091829154313,0,0,-0.4531787201234304,True,False
484,1,False,True,-0.3325069994461559,1,0,1.1874986775946599,False,False
485,3,True,False,-0.10133993241760961,3,1,-0.13348181192486414,True,False
486,1,True,False,0.4380498906489985,1,0,1.1657710777578991,True,False
487,1,False,True,2.210330737867854,0,0,-0.04825252320269991,False,False
488,3,False,True,0.052771445601421274,0,0,-0.4841333019887193,True,False
489,3,False,True,-1.565398023598403,1,1,-0.32608877018870763,True,False
490,3,False,True,-0.10133993241760961,1,0,-0.24421364949175128,True,False
491,3,False,True,-0.6407297554842177,0,0,-0.5002397510893574,True,False
492,1,False,True,1.9791636708393074,0,0,-0.032146074102061765,True,False
493,1,False,True,3.2120546949915547,0,0,0.3504666508958721,False,False
494,3,False,True,-0.6407297554842177,0,0,-0.4841333019887193,True,False
495,3,False,True,-0.10133993241760961,0,0,-0.3551146047741951,False,False
496,1,True,False,1.902107981829792,1,0,0.9295438287172524,False,False
497,3,False,True,-0.10133993241760961,0,0,-0.3421952192893457,True,False
498,1,True,False,-0.3325069994461559,1,2,2.404961005438245,True,False
499,3,False,True,-0.4095626884556714,0,0,-0.489251126190447,True,False
500,3,False,True,-0.9489525115222794,0,0,-0.4718018018960432,True,False
501,3,True,False,-0.6407297554842177,0,0,-0.49017322040145855,False,True
502,3,True,False,-0.10133993241760961,0,0,-0.4926052942156549,False,True
503,3,True,False,0.5921612686680294,0,0,-0.4531787201234304,True,False
504,1,True,False,-1.026008200531795,0,0,1.0953053629426073,True,False
505,1,False,True,-0.871896822512764,1,0,1.546285937760475,False,False
506,2,True,False,0.2839385126299676,0,2,-0.12274485029315124,True,False
507,1,False,True,-0.10133993241760961,0,0,-0.11167166653646252,True,False
508,3,False,True,-0.10133993241760961,0,0,-0.19270723857404815,True,False
509,3,False,True,-0.2554513104366405,0,0,0.4912289628108992,True,False
510,3,False,True,-0.024284243408094167,0,0,-0.49017322040145855,False,True
511,3,False,True,-0.10133993241760961,0,0,-0.4841333019887193,True,False
512,1,False,True,0.5151055796585139,0,0,-0.1169565951476094,True,False
513,1,True,False,1.902107981829792,1,0,0.5496993996584907,False,False
514,3,False,True,-0.4095626884556714,0,0,-0.49529104460318635,True,False
515,1,False,True,1.3627181587631838,0,0,0.03873840838984667,True,False
516,2,True,False,0.36099420163948304,0,0,-0.434807301618015,True,False
517,3,False,True,-0.10133993241760961,0,0,-0.15999101383837694,False,True
518,2,True,False,0.5151055796585139,1,0,-0.12274485029315124,True,False
519,3,False,True,0.20688282362045216,0,0,-0.48723782005286725,True,False
520,1,True,False,0.052771445601421274,0,0,1.236236792573191,True,False
521,3,False,True,-0.5636740664747023,0,0,-0.48723782005286725,True,False
522,3,False,True,-0.10133993241760961,0,0,-0.5007430776237524,False,False
523,1,True,False,1.1315510917346374,0,1,0.5210943460557573,False,False
524,3,False,True,-0.10133993241760961,0,0,-0.500658518765974,False,False
525,3,False,True,0.8618561802013335,0,0,-0.49017322040145855,False,True
526,2,True,False,1.5938852257917302,0,0,-0.434807301618015,True,False
527,1,False,True,-0.10133993241760961,0,0,3.8188897994114144,True,False
528,3,False,True,0.7462726466870603,0,0,-0.48664993466069395,True,False
529,2,False,True,-0.4866183774651868,2,1,-0.41467424024221733,True,False
530,2,True,False,-2.104787846665011,1,1,-0.12274485029315124,True,False
531,3,False,True,-0.10133993241760961,0,0,-0.500658518765974,False,False
532,3,False,True,-0.9489525115222794,1,1,-0.500658518765974,False,False
533,3,True,False,-0.10133993241760961,0,2,-0.19606341990539358,False,False
534,3,True,False,0.052771445601421274,0,0,-0.4718018018960432,True,False
535,2,True,False,-1.719509401617434,0,2,-0.11771158494920184,True,False
536,1,False,True,1.208606780744153,0,0,-0.11167166653646252,True,False
537,1,True,False,0.052771445601421274,0,0,1.4964566108553758,False,False
538,3,False,True,-0.10133993241760961,0,0,-0.35427505611482435,True,False
539,1,True,False,-0.5636740664747023,0,2,0.3503820920380938,False,False
540,1,True,False,0.5151055796585139,0,2,0.7832429116177435,True,False
541,3,True,False,-1.565398023598403,4,2,-0.016542951535818605,True,False
542,3,True,False,-1.4112866455793722,4,2,-0.016542951535818605,True,False
543,2,False,True,0.20688282362045216,1,0,-0.12274485029315124,True,False
544,1,False,True,1.5938852257917302,1,0,1.4964566108553758,False,False
545,1,False,True,2.6726648719249466,0,0,-0.12274485029315124,True,False
546,2,True,False,-0.7948411335032486,1,0,-0.12274485029315124,True,False
547,2,False,True,-0.10133993241760961,0,0,-0.3671098827418954,False,False
548,3,False,True,0.2839385126299676,1,1,-0.23297336132564347,True,False
549,2,False,True,-1.6424537126079184,1,1,0.09368555949667362,True,False
550,1,False,True,-0.9489525115222794,0,2,1.5862158383870948,False,False
551,2,False,True,-0.17839562142712506,0,0,-0.12274485029315124,True,False
552,3,False,True,-0.10133993241760961,0,0,-0.4885786819404954,False,True
553,3,False,True,-0.5636740664747023,0,0,-0.5007430776237524,False,False
554,3,True,False,-0.5636740664747023,0,0,-0.48966989386706367,True,False
555,1,False,True,2.5185534939059155,0,0,-0.11167166653646252,True,False
556,1,True,False,1.4397738477726993,1,0,0.151064784417697,False,False
557,1,False,True,-0.10133993241760961,0,0,3.9345703434644728,False,False
558,1,True,False,0.7462726466870603,1,1,0.9573938925183935,True,False
559,3,True,False,0.5151055796585139,1,0,-0.29588917812501114,True,False
560,3,False,True,-0.10133993241760961,0,0,-0.49017322040145855,False,True
561,3,False,True,0.8233283356965757,0,0,-0.48723782005286725,True,False
562,2,False,True,-0.10133993241760961,0,0,-0.374408117490622,True,False
563,3,False,True,-0.10133993241760961,0,0,-0.4841333019887193,True,False
564,3,True,False,-0.10133993241760961,0,0,-0.4841333019887193,True,False
565,3,False,True,-0.4095626884556714,2,0,-0.15999101383837694,True,False
566,3,False,True,-0.7948411335032486,0,0,-0.48723782005286725,True,False
567,3,True,False,-0.024284243408094167,0,4,-0.22190017756895475,True,False
568,3,False,True,-0.10133993241760961,0,0,-0.500658518765974,False,False
569,3,False,True,0.20688282362045216,0,0,-0.4880753554061005,True,False
570,2,False,True,2.5185534939059155,0,0,-0.434807301618015,True,False
571,1,True,False,1.8250522928202764,2,0,0.3902294471130725,True,False
572,1,False,True,0.5151055796585139,0,0,-0.11494328901002966,True,False
573,3,True,False,-0.10133993241760961,0,0,-0.49017322040145855,False,True
574,3,False,True,-1.026008200531795,0,0,-0.4841333019887193,True,False
575,3,False,True,-0.7948411335032486,0,0,-0.35427505611482435,True,False
576,2,True,False,0.36099420163948304,0,0,-0.38447464817852084,True,False
577,1,True,False,0.7462726466870603,1,0,0.47923368484319884,True,False
578,3,True,False,-0.10133993241760961,1,0,-0.3551146047741951,False,False
579,3,False,True,0.20688282362045216,0,0,-0.48664993466069395,True,False
580,2,True,False,-0.3325069994461559,1,1,-0.0422126047899606,True,False
581,1,True,False,0.7462726466870603,1,1,1.5862158383870948,False,False
582,2,False,True,1.902107981829792,0,0,-0.12274485029315124,True,False
583,1,False,True,0.5151055796585139,0,0,0.16163464163999072,False,False
584,3,False,True,-0.10133993241760961,0,0,-0.4707951488272534,False,False
585,1,True,False,-0.871896822512764,0,2,0.9573938925183935,True,False
586,2,False,True,1.3627181587631838,0,0,-0.34420852542692554,True,False
587,1,False,True,2.3644421158868845,1,1,0.9483340148992845,False,False
588,3,False,True,-0.5636740664747023,0,0,-0.4841333019887193,True,False
589,3,False,True,-0.10133993241760961,0,0,-0.4841333019887193,True,False
590,3,False,True,0.4380498906489985,0,0,-0.5027563837613321,True,False
591,1,True,False,1.747996603810761,1,0,0.9295438287172524,False,False
592,3,False,True,1.3627181587631838,0,0,-0.5002397510893574,True,False
593,3,True,False,-0.10133993241760961,0,2,-0.49017322040145855,False,True
594,2,False,True,0.5921612686680294,1,0,-0.12274485029315124,True,False
595,3,False,True,0.5151055796585139,1,1,-0.15999101383837694,True,False
596,2,True,False,-0.10133993241760961,0,0,0.01818657933743239,True,False
597,3,False,True,1.5168295367822147,0,0,-0.6462044460638905,True,False
598,3,False,True,-0.10133993241760961,0,0,-0.5007430776237524,False,False
599,1,False,True,1.5168295367822147,1,0,0.4999546316111698,False,False
600,2,True,False,-0.4095626884556714,2,1,-0.10261178891735358,True,False
601,3,False,True,-0.10133993241760961,0,0,-0.48723782005286725,True,False
602,1,False,True,-0.10133993241760961,0,0,0.20743735626993037,True,False
603,3,False,True,1.1315510917346374,0,0,-0.4841333019887193,True,False
604,1,False,True,0.4380498906489985,0,0,-0.11167166653646252,False,False
605,3,False,True,0.5151055796585139,1,0,-0.3331353416702368,True,False
606,3,False,True,0.052771445601421274,0,0,-0.48723782005286725,True,False
607,1,False,True,-0.17839562142712506,0,0,-0.032146074102061765,True,False
608,2,True,False,-0.5636740664747023,1,2,0.1909121394926757,False,False
609,1,True,False,0.8233283356965757,0,0,2.443465485319458,True,False
610,3,True,False,0.7462726466870603,1,5,-0.016542951535818605,True,False
611,3,False,True,-0.10133993241760961,0,0,-0.5042663633645169,True,False
612,3,True,False,-0.10133993241760961,1,0,-0.33414199473902667,False,True
613,3,False,True,-0.10133993241760961,0,0,-0.49017322040145855,False,True
614,3,False,True,0.4380498906489985,0,0,-0.4841333019887193,True,False
615,2,True,False,-0.4095626884556714,1,2,0.6624445433629575,True,False
616,3,False,True,0.36099420163948304,1,1,-0.3562883622524042,True,False
617,3,True,False,-0.2554513104366405,1,0,-0.3220621579135481,True,False
618,2,True,False,-1.9506764686459803,2,1,0.13898494759221836,True,False
619,2,False,True,-0.2554513104366405,0,0,-0.434807301618015,True,False
620,3,False,True,-0.17839562142712506,1,0,-0.3551971503258359,False,False
621,1,False,True,0.9774397137156066,1,0,0.41187248809205507,True,False
622,3,False,True,-0.7177854444937332,1,1,-0.3292758338044964,False,False
623,3,False,True,-0.6407297554842177,0,0,-0.4880753554061005,True,False
624,3,False,True,-0.6407297554842177,0,0,-0.3220621579135481,True,False
625,1,False,True,2.4414978048964002,0,0,0.004512204050990585,True,False
626,2,False,True,2.133275048858338,0,0,-0.3975611380727893,False,True
627,1,True,False,-0.6407297554842177,0,0,0.9233347925889563,True,False
628,3,False,True,-0.2554513104366405,0,0,-0.48723782005286725,True,False
629,3,False,True,-0.10133993241760961,0,0,-0.4905094425264344,False,True
630,1,False,True,3.905555896077194,0,0,-0.0422126047899606,True,False
631,3,False,True,1.6709409148012455,0,0,-0.5041818045067386,True,False
632,1,False,True,0.20688282362045216,0,0,-0.032146074102061765,False,False
633,1,False,True,-0.10133993241760961,0,0,-0.6462044460638905,True,False
634,3,True,False,-1.565398023598403,3,2,-0.08449203367913571,True,False
635,2,True,False,-0.10133993241760961,0,0,-0.38447464817852084,True,False
636,3,False,True,0.20688282362045216,0,0,-0.48664993466069395,True,False
637,2,False,True,0.12982713461093673,1,1,-0.11771158494920184,True,False
638,3,True,False,0.9003840247060911,0,5,0.15282642728807924,True,False
639,3,False,True,-0.10133993241760961,1,0,-0.3220621579135481,True,False
640,3,False,True,-0.7177854444937332,0,0,-0.4880753554061005,True,False
641,1,True,False,-0.4095626884556714,0,0,0.7490167072788875,False,False
642,3,True,False,-2.104787846665011,3,2,-0.08449203367913571,True,False
643,3,False,True,-0.10133993241760961,0,0,0.4912289628108992,True,False
644,3,True,False,-2.2011074579269057,2,1,-0.25847591017036636,False,False
645,1,False,True,1.4397738477726993,1,0,0.8985892468519636,False,False
646,3,False,True,-0.7948411335032486,0,0,-0.48723782005286725,True,False
647,1,False,True,2.0562193598488228,0,0,0.06851923277692655,False,False
648,3,False,True,-0.10133993241760961,0,0,-0.4941998326766181,True,False
649,3,True,False,-0.4866183774651868,0,0,-0.4941998326766181,True,False
650,3,False,True,-0.10133993241760961,0,0,-0.48723782005286725,True,False
651,2,True,False,-0.871896822512764,0,1,-0.18314403442054422,True,False
652,3,False,True,-0.6407297554842177,0,0,-0.47641629956337606,True,False
653,3,True,False,-0.10133993241760961,0,0,-0.4885786819404954,False,True
654,3,True,False,-0.871896822512764,0,0,-0.5103062817772562,False,True
655,2,False,True,-0.4095626884556714,2,0,0.8335755650572377,True,False
656,3,False,True,-0.10133993241760961,0,0,-0.48723782005286725,True,False
657,3,True,False,0.20688282362045216,1,1,-0.33414199473902667,False,True
658,2,False,True,-0.4866183774651868,0,0,-0.38447464817852084,True,False
659,1,False,True,2.210330737867854,0,2,1.6343680812795898,False,False
660,1,False,True,1.5938852257917302,2,0,2.044579206811467,True,False
661,3,False,True,0.8233283356965757,0,0,-0.5007430776237524,False,False
662,1,False,True,1.3627181587631838,0,0,-0.1310497381106678,True,False
663,3,False,True,0.5151055796585139,0,0,-0.49529104460318635,True,False
664,3,False,True,-0.7177854444937332,1,0,-0.48664993466069395,True,False
665,2,False,True,0.20688282362045216,2,0,0.8335755650572377,True,False
666,2,False,True,-0.3325069994461559,0,0,-0.38447464817852084,True,False
667,3,False,True,-0.10133993241760961,0,0,-0.48966989386706367,True,False
668,3,False,True,1.054495402725122,0,0,-0.4841333019887193,True,False
669,1,True,False,-0.10133993241760961,1,0,0.40071474547758795,True,False
670,2,True,False,0.8233283356965757,1,1,0.13898494759221836,True,False
671,1,False,True,0.12982713461093673,1,0,0.40071474547758795,True,False
672,2,False,True,3.1349990059820394,0,0,-0.434807301618015,True,False
673,2,False,True,0.12982713461093673,0,0,-0.38447464817852084,True,False
674,2,False,True,-0.10133993241760961,0,0,-0.6462044460638905,True,False
675,3,False,True,-0.871896822512764,0,0,-0.48966989386706367,True,False
676,3,False,True,-0.3710348439509137,0,0,-0.4841333019887193,True,False
677,3,True,False,-0.871896822512764,0,0,-0.4480608959217026,True,False
678,3,True,False,1.054495402725122,1,6,0.29803613246101984,True,False
679,1,False,True,0.5151055796585139,0,1,9.668550782149426,False,False
680,3,True,False,-0.10133993241760961,0,0,-0.482371659118337,False,True
681,1,False,True,-0.17839562142712506,0,0,0.8985892468519636,False,False
682,3,False,True,-0.7177854444937332,0,0,-0.460476954872157,True,False
683,3,False,True,-1.1801195785508258,5,2,0.29803613246101984,True,False
684,2,False,True,2.3644421158868845,1,1,0.13898494759221836,True,False
685,2,False,True,-0.3325069994461559,1,2,0.1909121394926757,False,False
686,3,False,True,-1.1801195785508258,4,1,0.15282642728807924,True,False
687,3,False,True,-0.7948411335032486,0,0,-0.4414351054229276,True,False
688,3,False,True,-0.871896822512764,0,0,-0.489251126190447,True,False
689,1,True,False,-1.1030638895413103,0,1,3.608666412443748,True,False
690,1,False,True,0.12982713461093673,1,0,0.5013800523565762,True,False
691,3,True,False,-1.9506764686459803,0,1,-0.376085201503226,False,False
692,3,False,True,-0.10133993241760961,0,0,0.4912289628108992,True,False
693,3,False,True,-0.3325069994461559,0,0,-0.5007430776237524,False,False
694,1,False,True,2.3644421158868845,0,0,-0.11167166653646252,True,False
695,2,False,True,1.747996603810761,0,0,-0.374408117490622,True,False
696,3,False,True,1.1315510917346374,0,0,-0.4841333019887193,True,False
697,3,True,False,-0.10133993241760961,0,0,-0.4905094425264344,False,True
698,1,False,True,1.5168295367822147,1,1,1.5862158383870948,False,False
699,3,False,True,0.9774397137156066,0,0,-0.4921865265390384,True,False
700,1,True,False,-0.871896822512764,1,0,3.9345703434644728,False,False
701,1,False,True,0.4380498906489985,0,0,-0.1169565951476094,True,False
702,3,True,False,-0.871896822512764,0,1,-0.3551971503258359,False,False
703,3,False,True,-0.3325069994461559,0,0,-0.49034032481087764,False,True
704,3,False,True,-0.2554513104366405,1,0,-0.4880753554061005,True,False
705,2,False,True,0.7462726466870603,0,0,-0.12274485029315124,True,False
706,2,True,False,1.208606780744153,0,0,-0.374408117490622,True,False
707,1,False,True,0.9774397137156066,0,0,-0.1169565951476094,True,False
708,1,True,False,-0.5636740664747023,0,0,2.404961005438245,True,False
709,3,False,True,-0.10133993241760961,1,1,-0.33925981894075447,False,False
710,1,True,False,-0.4095626884556714,0,0,0.3504666508958721,False,False
711,1,False,True,-0.10133993241760961,0,0,-0.11167166653646252,True,False
712,1,False,True,1.4397738477726993,1,0,0.40071474547758795,True,False
713,3,False,True,-0.024284243408094167,0,0,-0.4552765851187885,True,False
714,2,False,True,1.747996603810761,0,0,-0.38447464817852084,True,False
715,3,False,True,-0.7948411335032486,0,0,-0.4921865265390384,True,False
716,1,True,False,0.6692169576775449,0,0,3.9345703434644728,False,False
717,2,True,False,-0.17839562142712506,0,0,-0.434807301618015,True,False
718,3,False,True,-0.10133993241760961,0,0,-0.33414199473902667,False,True
719,3,False,True,0.2839385126299676,0,0,-0.48966989386706367,True,False
720,2,True,False,-1.7965650906269495,0,1,0.01818657933743239,True,False
721,3,False,True,-0.9489525115222794,1,0,-0.5041818045067386,True,False
722,2,False,True,0.36099420163948304,0,0,-0.38447464817852084,True,False
723,2,False,True,1.5938852257917302,0,0,-0.38447464817852084,True,False
724,1,False,True,-0.17839562142712506,1,0,0.4228611129909654,True,False
725,3,False,True,-0.7177854444937332,0,0,-0.4718018018960432,True,False
726,2,True,False,0.052771445601421274,3,0,-0.22341015717213955,True,False
727,3,True,False,-0.10133993241760961,0,0,-0.49042488366865605,False,True
728,2,False,True,-0.3325069994461559,1,0,-0.12274485029315124,True,False
729,3,True,False,-0.3325069994461559,1,0,-0.48664993466069395,True,False
730,1,True,False,-0.024284243408094167,0,0,3.608666412443748,True,False
731,3,False,True,-1.4112866455793722,0,0,-0.26795455546609187,False,False
732,2,False,True,-0.10133993241760961,0,0,-0.6462044460638905,True,False
733,2,False,True,-0.4866183774651868,0,0,-0.38447464817852084,True,False
734,2,False,True,-0.4866183774651868,0,0,-0.38447464817852084,True,False
735,3,False,True,-0.0628120879128519,0,0,-0.3220621579135481,True,False
736,3,True,False,1.4397738477726993,1,3,0.045869538729154176,True,False
737,1,False,True,0.4380498906489985,0,0,9.668550782149426,False,False
738,3,False,True,-0.10133993241760961,0,0,-0.48723782005286725,True,False
739,3,False,True,-0.10133993241760961,0,0,-0.48723782005286725,True,False
740,1,False,True,-0.10133993241760961,0,0,-0.0422126047899606,True,False
741,1,False,True,0.5151055796585139,1,0,0.941287443417755,True,False
742,1,True,False,-0.6407297554842177,2,2,4.636207532411021,False,False
743,3,False,True,-0.4095626884556714,1,0,-0.3220621579135481,True,False
744,3,False,True,0.12982713461093673,0,0,-0.48664993466069395,True,False
745,1,False,True,3.1349990059820394,1,1,0.7832429116177435,True,False
746,3,False,True,-1.026008200531795,1,1,-0.2385099532039878,True,False
747,2,True,False,0.052771445601421274,0,0,-0.38447464817852084,True,False
748,1,False,True,-0.7948411335032486,1,0,0.4228611129909654,True,False
749,3,False,True,0.12982713461093673,0,0,-0.49017322040145855,False,True
750,2,True,False,-1.9506764686459803,1,1,-0.18314403442054422,True,False
751,3,False,True,-1.7965650906269495,0,1,-0.3950445054008146,True,False
752,3,False,True,0.2839385126299676,0,0,-0.4549403629938127,True,False
753,3,False,True,-0.4866183774651868,0,0,-0.48723782005286725,True,False
754,2,True,False,1.4397738477726993,1,2,0.6624445433629575,True,False
755,2,False,True,-2.2072719130476663,1,1,-0.35427505611482435,True,False
756,3,False,True,-0.10133993241760961,0,0,-0.489251126190447,True,False
757,2,False,True,-0.871896822512764,0,0,-0.41467424024221733,True,False
758,3,False,True,0.36099420163948304,0,0,-0.4841333019887193,True,False
759,1,True,False,0.2839385126299676,0,0,1.0953053629426073,True,False
760,3,False,True,-0.10133993241760961,0,0,-0.35427505611482435,True,False
761,3,False,True,0.9003840247060911,0,0,-0.5027563837613321,True,False
762,3,False,True,-0.7177854444937332,0,0,-0.500658518765974,False,False
763,1,True,False,0.5151055796585139,1,2,1.769762919031829,True,False
764,3,False,True,-1.026008200531795,0,0,-0.48966989386706367,True,False
765,1,True,False,1.6709409148012455,1,0,0.9233347925889563,True,False
766,1,False,True,-0.10133993241760961,0,0,0.151064784417697,False,False
767,3,True,False,0.091299290106179,0,0,-0.49017322040145855,False,True
768,3,False,True,-0.10133993241760961,1,0,-0.15999101383837694,False,True
769,3,False,True,0.20688282362045216,0,0,-0.47784172030878247,True,False
770,3,False,True,-0.4095626884556714,0,0,-0.4549403629938127,True,False
771,3,False,True,1.4397738477726993,0,0,-0.4880753554061005,True,False
772,2,True,False,2.133275048858338,0,0,-0.434807301618015,True,False
773,3,False,True,-0.10133993241760961,0,0,-0.5007430776237524,False,False
774,2,True,False,1.902107981829792,1,3,-0.18314403442054422,True,False
775,3,False,True,-0.871896822512764,0,0,-0.49017322040145855,True,False
776,3,False,True,-0.10133993241760961,0,0,-0.49017322040145855,False,True
777,3,True,False,-1.8736207796364648,0,0,-0.3950445054008146,True,False
778,3,False,True,-0.10133993241760961,0,0,-0.49042488366865605,False,True
779,1,True,False,1.054495402725122,0,1,3.608666412443748,True,False
780,3,True,False,-1.2571752675603414,0,0,-0.500658518765974,False,False
781,1,True,False,-0.9489525115222794,1,0,0.5013800523565762,True,False
782,1,False,True,-0.024284243408094167,0,0,-0.0422126047899606,True,False
783,3,False,True,-0.10133993241760961,1,2,-0.1740841568014353,True,False
784,3,False,True,-0.3325069994461559,0,0,-0.5042663633645169,True,False
785,3,False,True,-0.3325069994461559,0,0,-0.5002397510893574,True,False
786,3,True,False,-0.871896822512764,0,0,-0.49529104460318635,True,False
787,3,False,True,-1.6424537126079184,4,1,-0.05982903349378355,False,True
788,3,False,True,-2.1818435356745267,1,2,-0.2319667082568536,True,False
789,1,False,True,1.2856624697536683,0,0,0.9483340148992845,False,False
790,3,False,True,-0.10133993241760961,0,0,-0.49017322040145855,False,True
791,2,False,True,-1.026008200531795,0,0,-0.12274485029315124,True,False
792,3,True,False,-0.10133993241760961,8,2,0.7540499726228369,True,False
793,1,False,True,-0.10133993241760961,0,0,-0.028204020684680614,False,False
794,3,False,True,-0.3325069994461559,0,0,-0.48723782005286725,True,False
795,2,False,True,0.7462726466870603,0,0,-0.38447464817852084,True,False
796,1,True,False,1.5168295367822147,0,0,-0.12417027103855768,True,False
797,3,True,False,0.12982713461093673,0,0,-0.4713830342194266,True,False
798,3,False,True,0.052771445601421274,0,0,-0.500658518765974,False,False
799,3,True,False,0.052771445601421274,1,1,-0.15999101383837694,True,False
800,2,False,True,0.36099420163948304,0,0,-0.38447464817852084,True,False
801,2,True,False,0.12982713461093673,1,1,-0.11771158494920184,True,False
802,1,False,True,-1.4112866455793722,1,2,1.769762919031829,True,False
803,3,False,True,-2.2265358353000453,0,1,-0.4747372022446345,False,False
804,3,False,True,-0.17839562142712506,0,0,-0.5057763429677017,True,False
805,3,False,True,0.12982713461093673,0,0,-0.48966989386706367,True,False
806,1,False,True,0.7462726466870603,0,0,-0.6462044460638905,True,False
807,3,True,False,-0.871896822512764,0,0,-0.48966989386706367,True,False
808,2,False,True,0.7462726466870603,0,0,-0.38447464817852084,True,False
809,1,True,False,0.2839385126299676,1,0,0.4228611129909654,True,False
810,3,False,True,-0.2554513104366405,0,0,-0.4874049244622864,True,False
811,3,False,True,0.7462726466870603,0,0,-0.15999101383837694,True,False
812,2,False,True,0.4380498906489985,0,0,-0.434807301618015,True,False
813,3,True,False,-1.7965650906269495,4,2,-0.016542951535818605,True,False
814,3,False,True,0.091299290106179,0,0,-0.4841333019887193,True,False
815,1,False,True,-0.10133993241760961,0,0,-0.6462044460638905,True,False
816,3,True,False,-0.4866183774651868,0,0,-0.48664993466069395,True,False
817,2,False,True,0.12982713461093673,1,1,0.09880338369840133,False,False
818,3,False,True,1.054495402725122,0,0,-0.5163462001899956,True,False
819,3,False,True,-1.4883423345888875,3,2,-0.08449203367913571,True,False
820,1,True,False,1.747996603810761,1,1,1.236236792573191,True,False
821,3,False,True,-0.17839562142712506,0,0,-0.4718018018960432,True,False
822,1,False,True,0.6692169576775449,0,0,-0.6462044460638905,True,False
823,3,True,False,-0.17839562142712506,0,1,-0.3950445054008146,True,False
824,3,False,True,-2.104787846665011,4,1,0.15282642728807924,True,False
825,3,False,True,-0.10133993241760961,0,0,-0.5062796695020967,False,True
826,3,False,True,-0.10133993241760961,0,0,0.4912289628108992,True,False
827,2,False,True,-2.1818435356745267,0,2,0.09880338369840133,False,False
828,3,False,True,-0.10133993241760961,0,0,-0.49017322040145855,False,True
830,3,True,False,-1.1030638895413103,1,0,-0.3551971503258359,False,False
831,2,False,True,-2.1949430028061445,1,1,-0.2687095452676843,True,False
832,3,False,True,-0.10133993241760961,0,0,-0.500658518765974,False,False
833,3,False,True,-0.4866183774651868,0,0,-0.4880753554061005,True,False
834,3,False,True,-0.871896822512764,0,0,-0.47910003664476986,True,False
835,1,True,False,0.7462726466870603,1,1,1.0280267117431041,False,False
836,3,False,True,-0.6407297554842177,0,0,-0.4718018018960432,True,False
837,3,False,True,-0.10133993241760961,0,0,-0.4841333019887193,True,False
838,3,False,True,0.20688282362045216,0,0,0.4912289628108992,True,False
839,1,False,True,-0.10133993241760961,0,0,-0.04825252320269991,False,False
840,3,False,True,-0.7177854444937332,0,0,-0.48664993466069395,True,False
841,2,False,True,-1.026008200531795,0,0,-0.434807301618015,True,False
842,1,True,False,0.052771445601421274,0,0,-0.022079543414162937,False,False
843,3,False,True,0.39952204614424075,0,0,-0.516597863457193,False,False
844,3,False,True,-0.9489525115222794,0,0,-0.4718018018960432,True,False
845,3,False,True,0.9774397137156066,0,0,-0.4941998326766181,True,False
846,3,False,True,-0.10133993241760961,8,2,0.7540499726228369,True,False
847,3,False,True,0.4380498906489985,0,0,-0.48723782005286725,False,False
848,2,False,True,-0.10133993241760961,0,1,0.01818657933743239,True,False
849,1,True,False,-0.10133993241760961,1,0,1.1477358813774596,False,False
850,3,False,True,-1.9506764686459803,4,2,-0.016542951535818605,True,False
851,3,False,True,3.443221762020101,0,0,-0.48966989386706367,True,False
852,3,True,False,-1.565398023598403,1,1,-0.33925981894075447,False,False
853,1,True,False,-1.026008200531795,0,1,0.1470381721425374,True,False
854,2,True,False,1.1315510917346374,1,0,-0.12274485029315124,True,False
855,3,True,False,-0.871896822512764,0,1,-0.4579603222001823,True,False
856,1,True,False,1.208606780744153,1,1,2.67306694386133,True,False
857,1,False,True,1.6709409148012455,0,0,-0.11167166653646252,True,False
858,3,True,False,-0.4095626884556714,0,3,-0.25847591017036636,False,False
859,3,False,True,-0.10133993241760961,0,0,-0.500658518765974,False,False
860,3,False,True,0.9003840247060911,2,0,-0.3621611762557243,True,False
861,2,False,True,-0.6407297554842177,1,0,-0.41467424024221733,True,False
862,1,True,False,1.4397738477726993,0,0,-0.12417027103855768,True,False
863,3,True,False,-0.10133993241760961,8,2,0.7540499726228369,True,False
864,2,False,True,-0.4095626884556714,0,0,-0.38447464817852084,True,False
865,2,True,False,0.9774397137156066,0,0,-0.38447464817852084,True,False
866,2,True,False,-0.17839562142712506,1,0,-0.36719444159967374,False,False
867,1,False,True,0.12982713461093673,0,0,0.37043059455611316,True,False
868,3,False,True,-0.10133993241760961,0,0,-0.4549403629938127,True,False
869,3,False,True,-1.9506764686459803,1,1,-0.4220570338487224,True,False
870,3,False,True,-0.2554513104366405,0,0,-0.48723782005286725,True,False
871,1,True,False,1.3627181587631838,1,1,0.41187248809205507,True,False
872,1,False,True,0.2839385126299676,0,0,-0.5455391391849022,True,False
873,3,False,True,1.3627181587631838,0,0,-0.4650068936817115,True,False
874,2,True,False,-0.10133993241760961,1,0,-0.16301097304474657,False,False
875,3,True,False,-1.1030638895413103,0,0,-0.5007430776237524,False,False
876,3,False,True,-0.7177854444937332,0,0,-0.44797835037006184,True,False
877,3,False,True,-0.7948411335032486,0,0,-0.48723782005286725,True,False
878,3,False,True,-0.10133993241760961,0,0,-0.48723782005286725,True,False
879,1,True,False,2.0562193598488228,0,1,1.0280267117431041,False,False
880,2,True,False,-0.3325069994461559,0,1,-0.12274485029315124,True,False
881,3,False,True,0.2839385126299676,0,0,-0.48723782005286725,True,False
882,3,True,False,-0.5636740664747023,0,0,-0.4344710794930392,True,False
883,2,False,True,-0.10133993241760961,0,0,-0.434807301618015,True,False
884,3,False,True,-0.3325069994461559,0,0,-0.5042663633645169,True,False
885,3,True,False,0.7462726466870603,0,5,-0.05982903349378355,False,True
886,2,False,True,-0.17839562142712506,0,0,-0.38447464817852084,True,False
887,1,True,False,-0.7948411335032486,0,0,-0.0422126047899606,True,False
888,3,True,False,-0.10133993241760961,1,2,-0.1740841568014353,True,False
889,1,False,True,-0.2554513104366405,0,0,-0.0422126047899606,False,False
890,3,False,True,0.20688282362045216,0,0,-0.49017322040145855,False,True
